true_Y_0,predicted_Y_0,predicted_variance_0,NLPD_0,X_0
1.000000000000000000e+00,4.273077556421697176e-01,3.290418774776759925e-04,nan,2.550000000000000000e+01
0.000000000000000000e+00,4.282188287169068075e-01,3.243073265344342815e-04,nan,7.550000000000000000e+01
0.000000000000000000e+00,4.291238788200789633e-01,3.197517024362828142e-04,nan,1.255000000000000000e+02
1.000000000000000000e+00,4.300227679353794130e-01,3.153714028234777533e-04,nan,1.755000000000000000e+02
0.000000000000000000e+00,4.309153580008461826e-01,3.111628262901511288e-04,nan,2.255000000000000000e+02
2.000000000000000000e+00,4.318015109388739781e-01,3.071223737160511114e-04,nan,2.755000000000000000e+02
0.000000000000000000e+00,4.326810886865540273e-01,3.032464496071918258e-04,nan,3.255000000000000000e+02
0.000000000000000000e+00,4.335539532263454898e-01,2.995314634442192148e-04,nan,3.755000000000000000e+02
4.000000000000000000e+00,4.344199666170541763e-01,2.959738310347181933e-04,nan,4.255000000000000000e+02
0.000000000000000000e+00,4.352789910251254613e-01,2.925699758703492748e-04,nan,4.755000000000000000e+02
0.000000000000000000e+00,4.361308887562311276e-01,2.893163304865387087e-04,nan,5.255000000000000000e+02
0.000000000000000000e+00,4.369755222871470890e-01,2.862093378224739304e-04,nan,5.755000000000000000e+02
1.000000000000000000e+00,4.378127542979067810e-01,2.832454525815986113e-04,nan,6.255000000000000000e+02
0.000000000000000000e+00,4.386424477042267234e-01,2.804211425896097065e-04,nan,6.755000000000000000e+02
2.000000000000000000e+00,4.394644656901863788e-01,2.777328901479303447e-04,nan,7.255000000000000000e+02
1.000000000000000000e+00,4.402786717411604767e-01,2.751771933842961371e-04,nan,7.755000000000000000e+02
1.000000000000000000e+00,4.410849296769848715e-01,2.727505675956809483e-04,nan,8.255000000000000000e+02
0.000000000000000000e+00,4.418831036853493321e-01,2.704495465826461942e-04,nan,8.755000000000000000e+02
0.000000000000000000e+00,4.426730583554058795e-01,2.682706839757242889e-04,nan,9.255000000000000000e+02
0.000000000000000000e+00,4.434546587115798522e-01,2.662105545497839287e-04,nan,9.755000000000000000e+02
0.000000000000000000e+00,4.442277702475726509e-01,2.642657555273209002e-04,nan,1.025500000000000000e+03
1.000000000000000000e+00,4.449922589605420087e-01,2.624329078659559666e-04,nan,1.075500000000000000e+03
0.000000000000000000e+00,4.457479913854532350e-01,2.607086575336647893e-04,nan,1.125500000000000000e+03
0.000000000000000000e+00,4.464948346295805059e-01,2.590896767643013909e-04,nan,1.175500000000000000e+03
0.000000000000000000e+00,4.472326564071543720e-01,2.575726652979115627e-04,nan,1.225500000000000000e+03
0.000000000000000000e+00,4.479613250741356079e-01,2.561543516005626575e-04,nan,1.275500000000000000e+03
0.000000000000000000e+00,4.486807096631049152e-01,2.548314940629681224e-04,nan,1.325500000000000000e+03
0.000000000000000000e+00,4.493906799182564860e-01,2.536008821788782175e-04,nan,1.375500000000000000e+03
0.000000000000000000e+00,4.500911063304803839e-01,2.524593376992401161e-04,nan,1.425500000000000000e+03
0.000000000000000000e+00,4.507818601725189778e-01,2.514037157616277884e-04,nan,1.475500000000000000e+03
0.000000000000000000e+00,4.514628135341843262e-01,2.504309059953024885e-04,nan,1.525500000000000000e+03
0.000000000000000000e+00,4.521338393576255221e-01,2.495378335989895113e-04,nan,1.575500000000000000e+03
0.000000000000000000e+00,4.527948114726252360e-01,2.487214603902054844e-04,nan,1.625500000000000000e+03
0.000000000000000000e+00,4.534456046319174094e-01,2.479787858265525280e-04,nan,1.675500000000000000e+03
0.000000000000000000e+00,4.540860945465056697e-01,2.473068479959261712e-04,nan,1.725500000000000000e+03
0.000000000000000000e+00,4.547161579209748616e-01,2.467027245779129796e-04,nan,1.775500000000000000e+03
0.000000000000000000e+00,4.553356724887715479e-01,2.461635337695222692e-04,nan,1.825500000000000000e+03
1.000000000000000000e+00,4.559445170474475395e-01,2.456864351816911984e-04,nan,1.875500000000000000e+03
2.000000000000000000e+00,4.565425714938442514e-01,2.452686306994855681e-04,nan,1.925500000000000000e+03
1.000000000000000000e+00,4.571297168592073357e-01,2.449073653092992409e-04,nan,1.975500000000000000e+03
0.000000000000000000e+00,4.577058353442123861e-01,2.445999278891108908e-04,nan,2.025500000000000000e+03
0.000000000000000000e+00,4.582708103538896127e-01,2.443436519639907711e-04,nan,2.075500000000000000e+03
0.000000000000000000e+00,4.588245265324279454e-01,2.441359164237488777e-04,nan,2.125500000000000000e+03
1.000000000000000000e+00,4.593668697978479099e-01,2.439741462033073738e-04,nan,2.175500000000000000e+03
0.000000000000000000e+00,4.598977273765225138e-01,2.438558129261858554e-04,nan,2.225500000000000000e+03
1.000000000000000000e+00,4.604169878375318214e-01,2.437784355060479413e-04,nan,2.275500000000000000e+03
1.000000000000000000e+00,4.609245411268369508e-01,2.437395807139697279e-04,nan,2.325500000000000000e+03
0.000000000000000000e+00,4.614202786012573387e-01,2.437368637020487228e-04,nan,2.375500000000000000e+03
0.000000000000000000e+00,4.619040930622298480e-01,2.437679484887378401e-04,nan,2.425500000000000000e+03
0.000000000000000000e+00,4.623758787893437749e-01,2.438305484042391225e-04,nan,2.475500000000000000e+03
2.000000000000000000e+00,4.628355315736253361e-01,2.439224264951522780e-04,nan,2.525500000000000000e+03
0.000000000000000000e+00,4.632829487505603083e-01,2.440413958876008760e-04,nan,2.575500000000000000e+03
1.000000000000000000e+00,4.637180292328418330e-01,2.441853201108068472e-04,nan,2.625500000000000000e+03
0.000000000000000000e+00,4.641406735428199593e-01,2.443521133789205990e-04,nan,2.675500000000000000e+03
0.000000000000000000e+00,4.645507838446429894e-01,2.445397408319116561e-04,nan,2.725500000000000000e+03
0.000000000000000000e+00,4.649482639760708635e-01,2.447462187351312490e-04,nan,2.775500000000000000e+03
1.000000000000000000e+00,4.653330194799479846e-01,2.449696146390456519e-04,nan,2.825500000000000000e+03
0.000000000000000000e+00,4.657049576353149978e-01,2.452080474969198232e-04,nan,2.875500000000000000e+03
0.000000000000000000e+00,4.660639874881485345e-01,2.454596877421999501e-04,nan,2.925500000000000000e+03
0.000000000000000000e+00,4.664100198817108800e-01,2.457227573264275655e-04,nan,2.975500000000000000e+03
0.000000000000000000e+00,4.667429674864903566e-01,2.459955297153815224e-04,nan,3.025500000000000000e+03
0.000000000000000000e+00,4.670627448297247630e-01,2.462763298462233852e-04,nan,3.075500000000000000e+03
0.000000000000000000e+00,4.673692683244843882e-01,2.465635340453131708e-04,nan,3.125500000000000000e+03
0.000000000000000000e+00,4.676624562983044409e-01,2.468555699073893273e-04,nan,3.175500000000000000e+03
0.000000000000000000e+00,4.679422290213501312e-01,2.471509161349749739e-04,nan,3.225500000000000000e+03
2.000000000000000000e+00,4.682085087340954188e-01,2.474481023402586022e-04,nan,3.275500000000000000e+03
0.000000000000000000e+00,4.684612196745099877e-01,2.477457088108092620e-04,nan,3.325500000000000000e+03
0.000000000000000000e+00,4.687002881047271918e-01,2.480423662364339421e-04,nan,3.375500000000000000e+03
1.000000000000000000e+00,4.689256423371898075e-01,2.483367554015625256e-04,nan,3.425500000000000000e+03
0.000000000000000000e+00,4.691372127602508324e-01,2.486276068406623185e-04,nan,3.475500000000000000e+03
2.000000000000000000e+00,4.693349318632210054e-01,2.489137004609287551e-04,nan,3.525500000000000000e+03
1.000000000000000000e+00,4.695187342608433956e-01,2.491938651291158990e-04,nan,3.575500000000000000e+03
1.000000000000000000e+00,4.696885567171865672e-01,2.494669782261427216e-04,nan,3.625500000000000000e+03
0.000000000000000000e+00,4.698443381689391130e-01,2.497319651701135346e-04,nan,3.675500000000000000e+03
0.000000000000000000e+00,4.699860197480943969e-01,2.499877989065035777e-04,nan,3.725500000000000000e+03
0.000000000000000000e+00,4.701135448040105747e-01,2.502334993697008514e-04,nan,3.775500000000000000e+03
1.000000000000000000e+00,4.702268589248335129e-01,2.504681329137115053e-04,nan,3.825500000000000000e+03
1.000000000000000000e+00,4.703259099582728919e-01,2.506908117158035409e-04,nan,3.875500000000000000e+03
0.000000000000000000e+00,4.704106480317121752e-01,2.509006931508406257e-04,nan,3.925500000000000000e+03
1.000000000000000000e+00,4.704810255716503908e-01,2.510969791417461128e-04,nan,3.975500000000000000e+03
0.000000000000000000e+00,4.705369973224551305e-01,2.512789154828498628e-04,nan,4.025500000000000000e+03
0.000000000000000000e+00,4.705785203644192172e-01,2.514457911395873158e-04,nan,4.075500000000000000e+03
0.000000000000000000e+00,4.706055541311103263e-01,2.515969375252447016e-04,nan,4.125500000000000000e+03
0.000000000000000000e+00,4.706180604260032929e-01,2.517317277565822575e-04,nan,4.175500000000000000e+03
0.000000000000000000e+00,4.706160034383801150e-01,2.518495758868644074e-04,nan,4.225500000000000000e+03
2.000000000000000000e+00,4.705993497584957108e-01,2.519499361218202615e-04,nan,4.275500000000000000e+03
0.000000000000000000e+00,4.705680683919905016e-01,2.520323020139270120e-04,nan,4.325500000000000000e+03
1.000000000000000000e+00,4.705221307735483194e-01,2.520962056438424970e-04,nan,4.375500000000000000e+03
0.000000000000000000e+00,4.704615107797859297e-01,2.521412167813541494e-04,nan,4.425500000000000000e+03
0.000000000000000000e+00,4.703861847413667308e-01,2.521669420344208046e-04,nan,4.475500000000000000e+03
0.000000000000000000e+00,4.702961314543327997e-01,2.521730239840036525e-04,nan,4.525500000000000000e+03
1.000000000000000000e+00,4.701913321906430743e-01,2.521591403062406478e-04,nan,4.575500000000000000e+03
0.000000000000000000e+00,4.700717707079139496e-01,2.521250028832133783e-04,nan,4.625500000000000000e+03
2.000000000000000000e+00,4.699374332583545755e-01,2.520703569048599046e-04,nan,4.675500000000000000e+03
0.000000000000000000e+00,4.697883085968879713e-01,2.519949799607290597e-04,nan,4.725500000000000000e+03
0.000000000000000000e+00,4.696243879884561823e-01,2.518986811257395431e-04,nan,4.775500000000000000e+03
0.000000000000000000e+00,4.694456652144975428e-01,2.517813000377788768e-04,nan,4.825500000000000000e+03
0.000000000000000000e+00,4.692521365785992660e-01,2.516427059723047588e-04,nan,4.875500000000000000e+03
0.000000000000000000e+00,4.690438009113124807e-01,2.514827969111455008e-04,nan,4.925500000000000000e+03
0.000000000000000000e+00,4.688206595741270521e-01,2.513014986091355318e-04,nan,4.975500000000000000e+03
0.000000000000000000e+00,4.685827164626099606e-01,2.510987636599737449e-04,nan,5.025500000000000000e+03
0.000000000000000000e+00,4.683299780086891961e-01,2.508745705594173092e-04,nan,5.075500000000000000e+03
0.000000000000000000e+00,4.680624531820956613e-01,2.506289227717228840e-04,nan,5.125500000000000000e+03
0.000000000000000000e+00,4.677801534909498682e-01,2.503618477952829213e-04,nan,5.175500000000000000e+03
1.000000000000000000e+00,4.674830929814948743e-01,2.500733962327583715e-04,nan,5.225500000000000000e+03
0.000000000000000000e+00,4.671712882369749575e-01,2.497636408644032802e-04,nan,5.275500000000000000e+03
0.000000000000000000e+00,4.668447583756566988e-01,2.494326757249420989e-04,nan,5.325500000000000000e+03
1.000000000000000000e+00,4.665035250479932505e-01,2.490806151889957132e-04,nan,5.375500000000000000e+03
1.000000000000000000e+00,4.661476124329312909e-01,2.487075930614479624e-04,nan,5.425500000000000000e+03
0.000000000000000000e+00,4.657770472333595535e-01,2.483137616745845211e-04,nan,5.475500000000000000e+03
1.000000000000000000e+00,4.653918586707017635e-01,2.478992909962784985e-04,nan,5.525500000000000000e+03
1.000000000000000000e+00,4.649920784786558681e-01,2.474643677460031110e-04,nan,5.575500000000000000e+03
0.000000000000000000e+00,4.645777408960751753e-01,2.470091945222796515e-04,nan,5.625500000000000000e+03
0.000000000000000000e+00,4.641488826590027816e-01,2.465339889392292871e-04,nan,5.675500000000000000e+03
1.000000000000000000e+00,4.637055429918553462e-01,2.460389827788067585e-04,nan,5.725500000000000000e+03
2.000000000000000000e+00,4.632477635977589880e-01,2.455244211516660613e-04,nan,5.775500000000000000e+03
0.000000000000000000e+00,4.627755886480484082e-01,2.449905616743741632e-04,nan,5.825500000000000000e+03
0.000000000000000000e+00,4.622890647709214651e-01,2.444376736594200406e-04,nan,5.875500000000000000e+03
0.000000000000000000e+00,4.617882410392664116e-01,2.438660373205725485e-04,nan,5.925500000000000000e+03
0.000000000000000000e+00,4.612731689576562988e-01,2.432759429927822126e-04,nan,5.975500000000000000e+03
1.000000000000000000e+00,4.607439024485224244e-01,2.426676903697355669e-04,nan,6.025500000000000000e+03
2.000000000000000000e+00,4.602004978375110467e-01,2.420415877560089246e-04,nan,6.075500000000000000e+03
0.000000000000000000e+00,4.596430138380272479e-01,2.413979513369024499e-04,nan,6.125500000000000000e+03
0.000000000000000000e+00,4.590715115349784936e-01,2.407371044674533334e-04,nan,6.175500000000000000e+03
0.000000000000000000e+00,4.584860543677180544e-01,2.400593769756320661e-04,nan,6.225500000000000000e+03
0.000000000000000000e+00,4.578867081122030003e-01,2.393651044879929746e-04,nan,6.275500000000000000e+03
0.000000000000000000e+00,4.572735408623687658e-01,2.386546277708678776e-04,nan,6.325500000000000000e+03
0.000000000000000000e+00,4.566466230107341651e-01,2.379282920924041811e-04,nan,6.375500000000000000e+03
1.000000000000000000e+00,4.560060272282420168e-01,2.371864466026440965e-04,nan,6.425500000000000000e+03
2.000000000000000000e+00,4.553518284433473173e-01,2.364294437340319632e-04,nan,6.475500000000000000e+03
0.000000000000000000e+00,4.546841038203618401e-01,2.356576386212394514e-04,nan,6.525500000000000000e+03
1.000000000000000000e+00,4.540029327370643797e-01,2.348713885401698676e-04,nan,6.575500000000000000e+03
0.000000000000000000e+00,4.533083967615906817e-01,2.340710523689448763e-04,nan,6.625500000000000000e+03
1.000000000000000000e+00,4.526005796286103888e-01,2.332569900667658125e-04,nan,6.675500000000000000e+03
1.000000000000000000e+00,4.518795672148051001e-01,2.324295621741190310e-04,nan,6.725500000000000000e+03
1.000000000000000000e+00,4.511454475136560949e-01,2.315891293330762934e-04,nan,6.775500000000000000e+03
1.000000000000000000e+00,4.503983106095623690e-01,2.307360518284673478e-04,nan,6.825500000000000000e+03
0.000000000000000000e+00,4.496382486512873755e-01,2.298706891478152770e-04,nan,6.875500000000000000e+03
1.000000000000000000e+00,4.488653558247610587e-01,2.289933995620052620e-04,nan,6.925500000000000000e+03
0.000000000000000000e+00,4.480797283252447860e-01,2.281045397272418729e-04,nan,6.975500000000000000e+03
0.000000000000000000e+00,4.472814643288700598e-01,2.272044643049919710e-04,nan,7.025500000000000000e+03
3.000000000000000000e+00,4.464706639635719343e-01,2.262935256030218500e-04,nan,7.075500000000000000e+03
0.000000000000000000e+00,4.456474292794234127e-01,2.253720732355579681e-04,nan,7.125500000000000000e+03
0.000000000000000000e+00,4.448118642183923055e-01,2.244404538027933160e-04,nan,7.175500000000000000e+03
1.000000000000000000e+00,4.439640745835319868e-01,2.234990105903222890e-04,nan,7.225500000000000000e+03
2.000000000000000000e+00,4.431041680076210909e-01,2.225480832861170821e-04,nan,7.275500000000000000e+03
0.000000000000000000e+00,4.422322539212681924e-01,2.215880077174325891e-04,nan,7.325500000000000000e+03
0.000000000000000000e+00,4.413484435204986234e-01,2.206191156055858915e-04,nan,7.375500000000000000e+03
0.000000000000000000e+00,4.404528497338363602e-01,2.196417343386380949e-04,nan,7.425500000000000000e+03
0.000000000000000000e+00,4.395455871888988009e-01,2.186561867617287103e-04,nan,7.475500000000000000e+03
2.000000000000000000e+00,4.386267721785227502e-01,2.176627909852013598e-04,nan,7.525500000000000000e+03
0.000000000000000000e+00,4.376965226264343811e-01,2.166618602098546731e-04,nan,7.575500000000000000e+03
1.000000000000000000e+00,4.367549580524812680e-01,2.156537025673477270e-04,nan,7.625500000000000000e+03
1.000000000000000000e+00,4.358021995374470881e-01,2.146386209780914989e-04,nan,7.675500000000000000e+03
0.000000000000000000e+00,4.348383696874589255e-01,2.136169130249887527e-04,nan,7.725500000000000000e+03
0.000000000000000000e+00,4.338635925980136032e-01,2.125888708417733586e-04,nan,7.775500000000000000e+03
0.000000000000000000e+00,4.328779938176319231e-01,2.115547810162543563e-04,nan,7.825500000000000000e+03
1.000000000000000000e+00,4.318817003111625197e-01,2.105149245081316955e-04,nan,7.875500000000000000e+03
0.000000000000000000e+00,4.308748404227553674e-01,2.094695765814114097e-04,nan,7.925500000000000000e+03
0.000000000000000000e+00,4.298575438385180414e-01,2.084190067486446640e-04,nan,7.975500000000000000e+03
1.000000000000000000e+00,4.288299415488752708e-01,2.073634787301548155e-04,nan,8.025500000000000000e+03
0.000000000000000000e+00,4.277921658106496050e-01,2.063032504239781240e-04,nan,8.075500000000000000e+03
0.000000000000000000e+00,4.267443501088814539e-01,2.052385738890993849e-04,nan,8.125500000000000000e+03
0.000000000000000000e+00,4.256866291184073225e-01,2.041696953392346803e-04,nan,8.175500000000000000e+03
0.000000000000000000e+00,4.246191386652095612e-01,2.030968551481326934e-04,nan,8.225500000000000000e+03
0.000000000000000000e+00,4.235420156875672748e-01,2.020202878655896761e-04,nan,8.275500000000000000e+03
0.000000000000000000e+00,4.224553981970113892e-01,2.009402222422351780e-04,nan,8.325500000000000000e+03
0.000000000000000000e+00,4.213594252391158479e-01,1.998568812659473615e-04,nan,8.375500000000000000e+03
1.000000000000000000e+00,4.202542368541359319e-01,1.987704822048186326e-04,nan,8.425500000000000000e+03
0.000000000000000000e+00,4.191399740375130190e-01,1.976812366604185911e-04,nan,8.475500000000000000e+03
1.000000000000000000e+00,4.180167787002654900e-01,1.965893506283566960e-04,nan,8.525500000000000000e+03
0.000000000000000000e+00,4.168847936292831013e-01,1.954950245659503594e-04,nan,8.575500000000000000e+03
0.000000000000000000e+00,4.157441624475441966e-01,1.943984534679421561e-04,nan,8.625500000000000000e+03
2.000000000000000000e+00,4.145950295742704128e-01,1.932998269475461051e-04,nan,8.675500000000000000e+03
0.000000000000000000e+00,4.134375401850431953e-01,1.921993293246826440e-04,nan,8.725500000000000000e+03
0.000000000000000000e+00,4.122718401718926673e-01,1.910971397184602072e-04,nan,8.775500000000000000e+03
1.000000000000000000e+00,4.110980761033834474e-01,1.899934321465401865e-04,nan,8.825500000000000000e+03
0.000000000000000000e+00,4.099163951847096254e-01,1.888883756274717385e-04,nan,8.875500000000000000e+03
0.000000000000000000e+00,4.087269452178213247e-01,1.877821342878283062e-04,nan,8.925500000000000000e+03
0.000000000000000000e+00,4.075298745615958396e-01,1.866748674738405445e-04,nan,8.975500000000000000e+03
3.000000000000000000e+00,4.063253320920762190e-01,1.855667298654717356e-04,nan,9.025500000000000000e+03
0.000000000000000000e+00,4.051134671627868999e-01,1.844578715933520296e-04,nan,9.075500000000000000e+03
0.000000000000000000e+00,4.038944295651518135e-01,1.833484383594874423e-04,nan,9.125500000000000000e+03
0.000000000000000000e+00,4.026683694890260123e-01,1.822385715585794763e-04,nan,9.175500000000000000e+03
0.000000000000000000e+00,4.014354374833594696e-01,1.811284084022868335e-04,nan,9.225500000000000000e+03
0.000000000000000000e+00,4.001957844170089817e-01,1.800180820437924378e-04,nan,9.275500000000000000e+03
0.000000000000000000e+00,3.989495614397163825e-01,1.789077217047574386e-04,nan,9.325500000000000000e+03
0.000000000000000000e+00,3.976969199432653368e-01,1.777974528020531686e-04,nan,9.375500000000000000e+03
2.000000000000000000e+00,3.964380115228380852e-01,1.766873970748261691e-04,nan,9.425500000000000000e+03
2.000000000000000000e+00,3.951729879385802446e-01,1.755776727120073044e-04,nan,9.475500000000000000e+03
0.000000000000000000e+00,3.939020010773974234e-01,1.744683944796820985e-04,nan,9.525500000000000000e+03
0.000000000000000000e+00,3.926252029149920886e-01,1.733596738475451371e-04,nan,9.575500000000000000e+03
0.000000000000000000e+00,3.913427454781588377e-01,1.722516191144662923e-04,nan,9.625500000000000000e+03
0.000000000000000000e+00,3.900547808073519529e-01,1.711443355334185679e-04,nan,9.675500000000000000e+03
2.000000000000000000e+00,3.887614609195395587e-01,1.700379254354345004e-04,nan,9.725500000000000000e+03
0.000000000000000000e+00,3.874629377713582623e-01,1.689324883503706687e-04,nan,9.775500000000000000e+03
0.000000000000000000e+00,3.861593632225817085e-01,1.678281211280052698e-04,nan,9.825500000000000000e+03
3.000000000000000000e+00,3.848508889999176508e-01,1.667249180556384935e-04,nan,9.875500000000000000e+03
1.000000000000000000e+00,3.835376666611455265e-01,1.656229709743606282e-04,nan,9.925500000000000000e+03
0.000000000000000000e+00,3.822198475596074729e-01,1.645223693922670538e-04,nan,9.975500000000000000e+03
1.000000000000000000e+00,3.808843382216459683e-01,1.634122164334839145e-04,nan,1.002600000000000000e+04
0.000000000000000000e+00,3.795577364741483661e-01,1.623145811995019283e-04,nan,1.007600000000000000e+04
0.000000000000000000e+00,3.782269919514019696e-01,1.612185479122896226e-04,nan,1.012600000000000000e+04
1.000000000000000000e+00,3.768922548378223492e-01,1.601241978143874700e-04,nan,1.017600000000000000e+04
1.000000000000000000e+00,3.755536749412450304e-01,1.590316103439459727e-04,nan,1.022600000000000000e+04
0.000000000000000000e+00,3.742114016597924975e-01,1.579408632312317984e-04,nan,1.027600000000000000e+04
1.000000000000000000e+00,3.728655839491807344e-01,1.568520325920808034e-04,nan,1.032600000000000000e+04
0.000000000000000000e+00,3.715163702904666354e-01,1.557651930174930310e-04,nan,1.037600000000000000e+04
0.000000000000000000e+00,3.701639086582508842e-01,1.546804176605909298e-04,nan,1.042600000000000000e+04
0.000000000000000000e+00,3.688083464893469610e-01,1.535977783190256574e-04,nan,1.047600000000000000e+04
1.000000000000000000e+00,3.674498306519206614e-01,1.525173455153572277e-04,nan,1.052600000000000000e+04
0.000000000000000000e+00,3.660885074151117857e-01,1.514391885721888542e-04,nan,1.057600000000000000e+04
0.000000000000000000e+00,3.647245224191492663e-01,1.503633756857469805e-04,nan,1.062600000000000000e+04
0.000000000000000000e+00,3.633580206459596784e-01,1.492899739939657078e-04,nan,1.067600000000000000e+04
1.000000000000000000e+00,3.619891463902858986e-01,1.482190496422397530e-04,nan,1.072600000000000000e+04
1.000000000000000000e+00,3.606180432313178530e-01,1.471506678452638717e-04,nan,1.077600000000000000e+04
0.000000000000000000e+00,3.592448540048424066e-01,1.460848929450697664e-04,nan,1.082600000000000000e+04
1.000000000000000000e+00,3.578697207759207743e-01,1.450217884660376377e-04,nan,1.087600000000000000e+04
1.000000000000000000e+00,3.564927848121011711e-01,1.439614171659109321e-04,nan,1.092600000000000000e+04
0.000000000000000000e+00,3.551141865571662559e-01,1.429038410837302209e-04,nan,1.097600000000000000e+04
0.000000000000000000e+00,3.537340656054286936e-01,1.418491215841866104e-04,nan,1.102600000000000000e+04
0.000000000000000000e+00,3.523525606765747775e-01,1.407973193981865156e-04,nan,1.107600000000000000e+04
0.000000000000000000e+00,3.509698095910619986e-01,1.397484946610988432e-04,nan,1.112600000000000000e+04
0.000000000000000000e+00,3.495859492460755003e-01,1.387027069466029161e-04,nan,1.117600000000000000e+04
1.000000000000000000e+00,3.482011155920493040e-01,1.376600152985102410e-04,nan,1.122600000000000000e+04
1.000000000000000000e+00,3.468154436097497517e-01,1.366204782578955834e-04,nan,1.127600000000000000e+04
0.000000000000000000e+00,3.454290672879342106e-01,1.355841538890484310e-04,nan,1.132600000000000000e+04
3.000000000000000000e+00,3.440421196015763239e-01,1.345510998010251980e-04,nan,1.137600000000000000e+04
0.000000000000000000e+00,3.426547324906731307e-01,1.335213731670920057e-04,nan,1.142600000000000000e+04
0.000000000000000000e+00,3.412670368396242271e-01,1.324950307408506722e-04,nan,1.147600000000000000e+04
0.000000000000000000e+00,3.398791624571940173e-01,1.314721288703940560e-04,nan,1.152600000000000000e+04
1.000000000000000000e+00,3.384912380570533896e-01,1.304527235085201076e-04,nan,1.157600000000000000e+04
0.000000000000000000e+00,3.371033912389058140e-01,1.294368702224879542e-04,nan,1.162600000000000000e+04
0.000000000000000000e+00,3.357157484701926431e-01,1.284246241993330928e-04,nan,1.167600000000000000e+04
0.000000000000000000e+00,3.343284350683887185e-01,1.274160402501695044e-04,nan,1.172600000000000000e+04
0.000000000000000000e+00,3.329415751838747939e-01,1.264111728114802879e-04,nan,1.177600000000000000e+04
0.000000000000000000e+00,3.315552917834007629e-01,1.254100759452148051e-04,nan,1.182600000000000000e+04
0.000000000000000000e+00,3.301697066341278686e-01,1.244128033358743446e-04,nan,1.187600000000000000e+04
2.000000000000000000e+00,3.287849402882567218e-01,1.234194082864181752e-04,nan,1.192600000000000000e+04
0.000000000000000000e+00,3.274011120682354115e-01,1.224299437122960965e-04,nan,1.197600000000000000e+04
1.000000000000000000e+00,3.260183400525504260e-01,1.214444621333021779e-04,nan,1.202600000000000000e+04
0.000000000000000000e+00,3.246367410620950023e-01,1.204630156645958294e-04,nan,1.207600000000000000e+04
0.000000000000000000e+00,3.232564306471151783e-01,1.194856560054746719e-04,nan,1.212600000000000000e+04
0.000000000000000000e+00,3.218775230747318306e-01,1.185124344276478059e-04,nan,1.217600000000000000e+04
0.000000000000000000e+00,3.205001313170334765e-01,1.175434017612470017e-04,nan,1.222600000000000000e+04
1.000000000000000000e+00,3.191243670397419518e-01,1.165786083808795226e-04,nan,1.227600000000000000e+04
0.000000000000000000e+00,3.177503405914410273e-01,1.156181041891135575e-04,nan,1.232600000000000000e+04
0.000000000000000000e+00,3.163781609933721817e-01,1.146619386004910091e-04,nan,1.237600000000000000e+04
1.000000000000000000e+00,3.150079359297887072e-01,1.137101605238471924e-04,nan,1.242600000000000000e+04
0.000000000000000000e+00,3.136397717388658690e-01,1.127628183438256215e-04,nan,1.247600000000000000e+04
1.000000000000000000e+00,3.122737734041656776e-01,1.118199599021707513e-04,nan,1.252600000000000000e+04
0.000000000000000000e+00,3.109100445466465579e-01,1.108816324782574414e-04,nan,1.257600000000000000e+04
0.000000000000000000e+00,3.095486874172190817e-01,1.099478827686212190e-04,nan,1.262600000000000000e+04
0.000000000000000000e+00,3.081898028898393260e-01,1.090187568669881424e-04,nan,1.267600000000000000e+04
1.000000000000000000e+00,3.068334904551370812e-01,1.080943002433887301e-04,nan,1.272600000000000000e+04
0.000000000000000000e+00,3.054798482145722471e-01,1.071745577230914792e-04,nan,1.277600000000000000e+04
0.000000000000000000e+00,3.041289728751150889e-01,1.062595734654114832e-04,nan,1.282600000000000000e+04
0.000000000000000000e+00,3.027809597444441891e-01,1.053493909426717057e-04,nan,1.287600000000000000e+04
1.000000000000000000e+00,3.014359027266573232e-01,1.044440529186785316e-04,nan,1.292600000000000000e+04
2.000000000000000000e+00,3.000938943184883190e-01,1.035436014278079409e-04,nan,1.297600000000000000e+04
1.000000000000000000e+00,2.987550256060239051e-01,1.026480777537169820e-04,nan,1.302600000000000000e+04
0.000000000000000000e+00,2.974193862619144979e-01,1.017575224084299457e-04,nan,1.307600000000000000e+04
1.000000000000000000e+00,2.960870645430745407e-01,1.008719751121739394e-04,nan,1.312600000000000000e+04
0.000000000000000000e+00,2.947581472888611831e-01,9.999147477253444993e-05,nan,1.317600000000000000e+04
1.000000000000000000e+00,2.934327199197285796e-01,9.911605946462398453e-05,nan,1.322600000000000000e+04
0.000000000000000000e+00,2.921108664363509799e-01,9.824576641201399063e-05,nan,1.327600000000000000e+04
0.000000000000000000e+00,2.907926694192037309e-01,9.738063196701451929e-05,nan,1.332600000000000000e+04
0.000000000000000000e+00,2.894782100285996917e-01,9.652069159275800114e-05,nan,1.337600000000000000e+04
0.000000000000000000e+00,2.881675680051710708e-01,9.566597984483893313e-05,nan,1.342600000000000000e+04
0.000000000000000000e+00,2.868608216707908554e-01,9.481653035406378827e-05,nan,1.347600000000000000e+04
1.000000000000000000e+00,2.855580479299238972e-01,9.397237580988093697e-05,nan,1.352600000000000000e+04
0.000000000000000000e+00,2.842593222714036028e-01,9.313354794415751314e-05,nan,1.357600000000000000e+04
0.000000000000000000e+00,2.829647187706245681e-01,9.230007751596935872e-05,nan,1.362600000000000000e+04
0.000000000000000000e+00,2.816743100921419440e-01,9.147199429686281302e-05,nan,1.367600000000000000e+04
0.000000000000000000e+00,2.803881674926737566e-01,9.064932705724060291e-05,nan,1.372600000000000000e+04
0.000000000000000000e+00,2.791063608244943040e-01,8.983210355317794438e-05,nan,1.377600000000000000e+04
1.000000000000000000e+00,2.778289585392132444e-01,8.902035051409906696e-05,nan,1.382600000000000000e+04
1.000000000000000000e+00,2.765560276919303284e-01,8.821409363160559458e-05,nan,1.387600000000000000e+04
0.000000000000000000e+00,2.752876339457602795e-01,8.741335754872125996e-05,nan,1.392600000000000000e+04
0.000000000000000000e+00,2.740238415767171087e-01,8.661816585028847548e-05,nan,1.397600000000000000e+04
0.000000000000000000e+00,2.727647134789512040e-01,8.582854105412818235e-05,nan,1.402600000000000000e+04
1.000000000000000000e+00,2.715103111703301986e-01,8.504450460297685588e-05,nan,1.407600000000000000e+04
0.000000000000000000e+00,2.702606947983564045e-01,8.426607685747822263e-05,nan,1.412600000000000000e+04
0.000000000000000000e+00,2.690159231464118728e-01,8.349327709014642274e-05,nan,1.417600000000000000e+04
2.000000000000000000e+00,2.677760536403219205e-01,8.272612347971775026e-05,nan,1.422600000000000000e+04
0.000000000000000000e+00,2.665411423552308534e-01,8.196463310707058358e-05,nan,1.427600000000000000e+04
0.000000000000000000e+00,2.653112440227800017e-01,8.120882195149226046e-05,nan,1.432600000000000000e+04
0.000000000000000000e+00,2.640864120385802427e-01,8.045870488813944288e-05,nan,1.437600000000000000e+04
0.000000000000000000e+00,2.628666984699707942e-01,7.971429568628951579e-05,nan,1.442600000000000000e+04
0.000000000000000000e+00,2.616521540640558419e-01,7.897560700832750857e-05,nan,1.447600000000000000e+04
0.000000000000000000e+00,2.604428282560113939e-01,7.824265041000977305e-05,nan,1.452600000000000000e+04
0.000000000000000000e+00,2.592387691776519842e-01,7.751543634083868373e-05,nan,1.457600000000000000e+04
1.000000000000000000e+00,2.580400236662524494e-01,7.679397414607491701e-05,nan,1.462600000000000000e+04
0.000000000000000000e+00,2.568466372736131209e-01,7.607827206937423092e-05,nan,1.467600000000000000e+04
0.000000000000000000e+00,2.556586542753624958e-01,7.536833725554914487e-05,nan,1.472600000000000000e+04
1.000000000000000000e+00,2.544761176804883340e-01,7.466417575532902084e-05,nan,1.477600000000000000e+04
0.000000000000000000e+00,2.532990692410889144e-01,7.396579252975932217e-05,nan,1.482600000000000000e+04
0.000000000000000000e+00,2.521275494623368973e-01,7.327319145605803996e-05,nan,1.487600000000000000e+04
0.000000000000000000e+00,2.509615976126486347e-01,7.258637533412437559e-05,nan,1.492600000000000000e+04
0.000000000000000000e+00,2.498012517340476302e-01,7.190534589345681793e-05,nan,1.497600000000000000e+04
0.000000000000000000e+00,2.486465486527189017e-01,7.123010380125083252e-05,nan,1.502600000000000000e+04
0.000000000000000000e+00,2.474975239897432011e-01,7.056064867074635094e-05,nan,1.507600000000000000e+04
1.000000000000000000e+00,2.463542121720026234e-01,6.989697907043568303e-05,nan,1.512600000000000000e+04
0.000000000000000000e+00,2.452166464432546100e-01,6.923909253394450181e-05,nan,1.517600000000000000e+04
0.000000000000000000e+00,2.440848588753608828e-01,6.858698557051651212e-05,nan,1.522600000000000000e+04
0.000000000000000000e+00,2.429588803796675078e-01,6.794065367617119211e-05,nan,1.527600000000000000e+04
0.000000000000000000e+00,2.418387407185271509e-01,6.730009134495174017e-05,nan,1.532600000000000000e+04
0.000000000000000000e+00,2.407244685169567244e-01,6.666529208160243414e-05,nan,1.537600000000000000e+04
0.000000000000000000e+00,2.396160912744229043e-01,6.603624841388516797e-05,nan,1.542600000000000000e+04
1.000000000000000000e+00,2.385136353767475792e-01,6.541295190603396703e-05,nan,1.547600000000000000e+04
0.000000000000000000e+00,2.374171261081276518e-01,6.479539317236215901e-05,nan,1.552600000000000000e+04
0.000000000000000000e+00,2.363265876632601459e-01,6.418356189140383972e-05,nan,1.557600000000000000e+04
0.000000000000000000e+00,2.352420431595675931e-01,6.357744682038840578e-05,nan,1.562600000000000000e+04
0.000000000000000000e+00,2.341635146495154307e-01,6.297703581039509890e-05,nan,1.567600000000000000e+04
0.000000000000000000e+00,2.330910231330150517e-01,6.238231582149367238e-05,nan,1.572600000000000000e+04
0.000000000000000000e+00,2.320245885699065147e-01,6.179327293882180827e-05,nan,1.577600000000000000e+04
1.000000000000000000e+00,2.309642298925124737e-01,6.120989238810742306e-05,nan,1.582600000000000000e+04
0.000000000000000000e+00,2.299099650182594712e-01,6.063215855243303531e-05,nan,1.587600000000000000e+04
0.000000000000000000e+00,2.288618108623580172e-01,6.006005498866706649e-05,nan,1.592600000000000000e+04
0.000000000000000000e+00,2.278197833505362369e-01,5.949356444450576431e-05,nan,1.597600000000000000e+04
0.000000000000000000e+00,2.267838974318200918e-01,5.893266887528614273e-05,nan,1.602600000000000000e+04
0.000000000000000000e+00,2.257541670913564558e-01,5.837734946185363372e-05,nan,1.607600000000000000e+04
1.000000000000000000e+00,2.247306053632689427e-01,5.782758662748604950e-05,nan,1.612600000000000000e+04
0.000000000000000000e+00,2.237132243435446810e-01,5.728336005610124015e-05,nan,1.617600000000000000e+04
0.000000000000000000e+00,2.227020352029446815e-01,5.674464870975698405e-05,nan,1.622600000000000000e+04
0.000000000000000000e+00,2.216970481999311626e-01,5.621143084689333991e-05,nan,1.627600000000000000e+04
0.000000000000000000e+00,2.206982726936081440e-01,5.568368404017254303e-05,nan,1.632600000000000000e+04
1.000000000000000000e+00,2.197057171566695610e-01,5.516138519484625746e-05,nan,1.637600000000000000e+04
0.000000000000000000e+00,2.187193891883477681e-01,5.464451056680363905e-05,nan,1.642600000000000000e+04
2.000000000000000000e+00,2.177392955273600716e-01,5.413303578099409874e-05,nan,1.647600000000000000e+04
0.000000000000000000e+00,2.167654420648463254e-01,5.362693584966271576e-05,nan,1.652600000000000000e+04
0.000000000000000000e+00,2.157978338572929256e-01,5.312618519063422307e-05,nan,1.657600000000000000e+04
0.000000000000000000e+00,2.148364751394396532e-01,5.263075764565250392e-05,nan,1.662600000000000000e+04
0.000000000000000000e+00,2.138813693371625357e-01,5.214062649870621069e-05,nan,1.667600000000000000e+04
0.000000000000000000e+00,2.129325190803295076e-01,5.165576449402825565e-05,nan,1.672600000000000000e+04
0.000000000000000000e+00,2.119899262156254294e-01,5.117614385459490212e-05,nan,1.677600000000000000e+04
0.000000000000000000e+00,2.110535918193389981e-01,5.070173629988933284e-05,nan,1.682600000000000000e+04
0.000000000000000000e+00,2.101235162101104670e-01,5.023251306419257434e-05,nan,1.687600000000000000e+04
0.000000000000000000e+00,2.091996989616340119e-01,4.976844491420134853e-05,nan,1.692600000000000000e+04
0.000000000000000000e+00,2.082821389153125535e-01,4.930950216705531908e-05,nan,1.697600000000000000e+04
0.000000000000000000e+00,2.073708341928581778e-01,4.885565470785085962e-05,nan,1.702600000000000000e+04
0.000000000000000000e+00,2.064657822088383499e-01,4.840687200714788307e-05,nan,1.707600000000000000e+04
0.000000000000000000e+00,2.055669796831603446e-01,4.796312313829625973e-05,nan,1.712600000000000000e+04
0.000000000000000000e+00,2.046744226534935596e-01,4.752437679468590748e-05,nan,1.717600000000000000e+04
0.000000000000000000e+00,2.037881064876236326e-01,4.709060130662912069e-05,nan,1.722600000000000000e+04
0.000000000000000000e+00,2.029080258957366989e-01,4.666176465831228803e-05,nan,1.727600000000000000e+04
0.000000000000000000e+00,2.020341749426304567e-01,4.623783450425494879e-05,nan,1.732600000000000000e+04
0.000000000000000000e+00,2.011665470598479888e-01,4.581877818579660477e-05,nan,1.737600000000000000e+04
0.000000000000000000e+00,2.003051350577314260e-01,4.540456274723658758e-05,nan,1.742600000000000000e+04
0.000000000000000000e+00,1.994499311373945649e-01,4.499515495182820901e-05,nan,1.747600000000000000e+04
0.000000000000000000e+00,1.986009269026077495e-01,4.459052129740515014e-05,nan,1.752600000000000000e+04
0.000000000000000000e+00,1.977581133715969886e-01,4.419062803204948375e-05,nan,1.757600000000000000e+04
0.000000000000000000e+00,1.969214809887502582e-01,4.379544116903805184e-05,nan,1.762600000000000000e+04
1.000000000000000000e+00,1.960910196362320723e-01,4.340492650211497105e-05,nan,1.767600000000000000e+04
0.000000000000000000e+00,1.952667186455015191e-01,4.301904962001473764e-05,nan,1.772600000000000000e+04
0.000000000000000000e+00,1.944485668087324315e-01,4.263777592095063795e-05,nan,1.777600000000000000e+04
0.000000000000000000e+00,1.936365523901343588e-01,4.226107062697131989e-05,nan,1.782600000000000000e+04
0.000000000000000000e+00,1.928306631371701219e-01,4.188889879758184165e-05,nan,1.787600000000000000e+04
0.000000000000000000e+00,1.920308862916692005e-01,4.152122534361452066e-05,nan,1.792600000000000000e+04
0.000000000000000000e+00,1.912372086008367333e-01,4.115801504053773208e-05,nan,1.797600000000000000e+04
0.000000000000000000e+00,1.904496163281515775e-01,4.079923254141082367e-05,nan,1.802600000000000000e+04
0.000000000000000000e+00,1.896680952641578433e-01,4.044484238988066416e-05,nan,1.807600000000000000e+04
0.000000000000000000e+00,1.888926307371430746e-01,4.009480903252593542e-05,nan,1.812600000000000000e+04
0.000000000000000000e+00,1.881232076237040474e-01,3.974909683104876912e-05,nan,1.817600000000000000e+04
0.000000000000000000e+00,1.873598103591988251e-01,3.940767007437617764e-05,nan,1.822600000000000000e+04
0.000000000000000000e+00,1.866024229480824914e-01,3.907049299011616794e-05,nan,1.827600000000000000e+04
1.000000000000000000e+00,1.858510289741265031e-01,3.873752975599303872e-05,nan,1.832600000000000000e+04
0.000000000000000000e+00,1.851056116105196103e-01,3.840874451088716057e-05,nan,1.837600000000000000e+04
0.000000000000000000e+00,1.843661536298494830e-01,3.808410136553475045e-05,nan,1.842600000000000000e+04
0.000000000000000000e+00,1.836326374139640449e-01,3.776356441301947919e-05,nan,1.847600000000000000e+04
0.000000000000000000e+00,1.829050449637123765e-01,3.744709773904897343e-05,nan,1.852600000000000000e+04
0.000000000000000000e+00,1.821833579085616051e-01,3.713466543157906141e-05,nan,1.857600000000000000e+04
0.000000000000000000e+00,1.814675575160938636e-01,3.682623159077802466e-05,nan,1.862600000000000000e+04
0.000000000000000000e+00,1.807576247013760185e-01,3.652176033799858779e-05,nan,1.867600000000000000e+04
0.000000000000000000e+00,1.800535400362084926e-01,3.622121582499276959e-05,nan,1.872600000000000000e+04
1.000000000000000000e+00,1.793552837582463866e-01,3.592456224252305041e-05,nan,1.877600000000000000e+04
0.000000000000000000e+00,1.786628357799976974e-01,3.563176382898741723e-05,nan,1.882600000000000000e+04
0.000000000000000000e+00,1.779761756976940279e-01,3.534278487844766392e-05,nan,1.887600000000000000e+04
0.000000000000000000e+00,1.772952828000350645e-01,3.505758974856054699e-05,nan,1.892600000000000000e+04
0.000000000000000000e+00,1.766201360768078488e-01,3.477614286829036616e-05,nan,1.897600000000000000e+04
0.000000000000000000e+00,1.759507142273782354e-01,3.449840874513582234e-05,nan,1.902600000000000000e+04
0.000000000000000000e+00,1.752869956690556175e-01,3.422435197237422289e-05,nan,1.907600000000000000e+04
0.000000000000000000e+00,1.746289585453304205e-01,3.395393723574363642e-05,nan,1.912600000000000000e+04
0.000000000000000000e+00,1.739765807339848924e-01,3.368712932008688377e-05,nan,1.917600000000000000e+04
0.000000000000000000e+00,1.733298398550765784e-01,3.342389311564511467e-05,nan,1.922600000000000000e+04
0.000000000000000000e+00,1.726887132787942314e-01,3.316419362413280947e-05,nan,1.927600000000000000e+04
0.000000000000000000e+00,1.720531781331876842e-01,3.290799596452134712e-05,nan,1.932600000000000000e+04
0.000000000000000000e+00,1.714232113117693523e-01,3.265526537858318146e-05,nan,1.937600000000000000e+04
0.000000000000000000e+00,1.707987894809914198e-01,3.240596723631111731e-05,nan,1.942600000000000000e+04
0.000000000000000000e+00,1.701798890875938775e-01,3.216006704085533352e-05,nan,1.947600000000000000e+04
0.000000000000000000e+00,1.695664863658286614e-01,3.191753043350203933e-05,nan,1.952600000000000000e+04
0.000000000000000000e+00,1.689585573445573641e-01,3.167832319824967491e-05,nan,1.957600000000000000e+04
0.000000000000000000e+00,1.683560778542232683e-01,3.144241126620470062e-05,nan,1.962600000000000000e+04
1.000000000000000000e+00,1.677590235336989810e-01,3.120976071977962785e-05,nan,1.967600000000000000e+04
1.000000000000000000e+00,1.671673698370095829e-01,3.098033779663084131e-05,nan,1.972600000000000000e+04
0.000000000000000000e+00,1.665810920399319051e-01,3.075410889350621568e-05,nan,1.977600000000000000e+04
1.000000000000000000e+00,1.660001652464704602e-01,3.053104056964864310e-05,nan,1.982600000000000000e+04
0.000000000000000000e+00,1.654245643952112210e-01,3.031109955030711345e-05,nan,1.987600000000000000e+04
0.000000000000000000e+00,1.648542642655523860e-01,3.009425272977594989e-05,nan,1.992600000000000000e+04
0.000000000000000000e+00,1.642892394838151304e-01,2.988046717446873890e-05,nan,1.997600000000000000e+04
0.000000000000000000e+00,1.637294645292323436e-01,2.966971012559674326e-05,nan,2.002600000000000000e+04
0.000000000000000000e+00,1.631749137398193217e-01,2.946194900184384569e-05,nan,2.007600000000000000e+04
0.000000000000000000e+00,1.626255613181233628e-01,2.925715140170148665e-05,nan,2.012600000000000000e+04
0.000000000000000000e+00,1.620813813368572331e-01,2.905528510586605218e-05,nan,2.017600000000000000e+04
0.000000000000000000e+00,1.615423477444133393e-01,2.885631807921992809e-05,nan,2.022600000000000000e+04
1.000000000000000000e+00,1.610084343702631315e-01,2.866021847276745138e-05,nan,2.027600000000000000e+04
0.000000000000000000e+00,1.604796149302397390e-01,2.846695462540779764e-05,nan,2.032600000000000000e+04
0.000000000000000000e+00,1.599558630317065577e-01,2.827649506557949888e-05,nan,2.037600000000000000e+04
0.000000000000000000e+00,1.594371521786125956e-01,2.808880851274883628e-05,nan,2.042600000000000000e+04
0.000000000000000000e+00,1.589234557764337419e-01,2.790386387862067719e-05,nan,2.047600000000000000e+04
0.000000000000000000e+00,1.584147471370044580e-01,2.772163026848808998e-05,nan,2.052600000000000000e+04
0.000000000000000000e+00,1.579109994832368913e-01,2.754207698218644196e-05,nan,2.057600000000000000e+04
0.000000000000000000e+00,1.574121859537318535e-01,2.736517351504055839e-05,nan,2.062600000000000000e+04
0.000000000000000000e+00,1.569182796072808583e-01,2.719088955870779811e-05,nan,2.067600000000000000e+04
0.000000000000000000e+00,1.564292534272608559e-01,2.701919500181296230e-05,nan,2.072600000000000000e+04
1.000000000000000000e+00,1.559450803259224416e-01,2.685005993057279494e-05,nan,2.077600000000000000e+04
1.000000000000000000e+00,1.554657331485740090e-01,2.668345462923660261e-05,nan,2.082600000000000000e+04
0.000000000000000000e+00,1.549911846776604873e-01,2.651934958044360746e-05,nan,2.087600000000000000e+04
0.000000000000000000e+00,1.545214076367409928e-01,2.635771546553172806e-05,nan,2.092600000000000000e+04
1.000000000000000000e+00,1.540563746943634793e-01,2.619852316458615160e-05,nan,2.097600000000000000e+04
0.000000000000000000e+00,1.535960584678403851e-01,2.604174375667872576e-05,nan,2.102600000000000000e+04
0.000000000000000000e+00,1.531404315269239702e-01,2.588734851969448636e-05,nan,2.107600000000000000e+04
0.000000000000000000e+00,1.526894663973844823e-01,2.573530893035594347e-05,nan,2.112600000000000000e+04
1.000000000000000000e+00,1.522431355644919548e-01,2.558559666397328125e-05,nan,2.117600000000000000e+04
0.000000000000000000e+00,1.518014114764018596e-01,2.543818359428129394e-05,nan,2.122600000000000000e+04
0.000000000000000000e+00,1.513642665474471682e-01,2.529304179301264388e-05,nan,2.127600000000000000e+04
0.000000000000000000e+00,1.509316731613374873e-01,2.515014352959948907e-05,nan,2.132600000000000000e+04
0.000000000000000000e+00,1.505036036742667116e-01,2.500946127068082170e-05,nan,2.137600000000000000e+04
1.000000000000000000e+00,1.500800304179304157e-01,2.487096767966531785e-05,nan,2.142600000000000000e+04
0.000000000000000000e+00,1.496609257024545114e-01,2.473463561609989814e-05,nan,2.147600000000000000e+04
0.000000000000000000e+00,1.492462618192356982e-01,2.460043813509726895e-05,nan,2.152600000000000000e+04
0.000000000000000000e+00,1.488360110436967587e-01,2.446834848669754425e-05,nan,2.157600000000000000e+04
1.000000000000000000e+00,1.484301456379552853e-01,2.433834011517782558e-05,nan,2.162600000000000000e+04
0.000000000000000000e+00,1.480286378534104996e-01,2.421038665831667935e-05,nan,2.167600000000000000e+04
0.000000000000000000e+00,1.476314599332466393e-01,2.408446194658228623e-05,nan,2.172600000000000000e+04
0.000000000000000000e+00,1.472385841148556029e-01,2.396054000240385728e-05,nan,2.177600000000000000e+04
1.000000000000000000e+00,1.468499826321805757e-01,2.383859503935631396e-05,nan,2.182600000000000000e+04
0.000000000000000000e+00,1.464656277179801069e-01,2.371860146117843460e-05,nan,2.187600000000000000e+04
0.000000000000000000e+00,1.460854916060171371e-01,2.360053386111365947e-05,nan,2.192600000000000000e+04
0.000000000000000000e+00,1.457095465331706419e-01,2.348436702082415395e-05,nan,2.197600000000000000e+04
0.000000000000000000e+00,1.453377647414743623e-01,2.337007590962059123e-05,nan,2.202600000000000000e+04
0.000000000000000000e+00,1.449701184800821496e-01,2.325763568353234056e-05,nan,2.207600000000000000e+04
0.000000000000000000e+00,1.446065800071615337e-01,2.314702168433949159e-05,nan,2.212600000000000000e+04
0.000000000000000000e+00,1.442471215917180694e-01,2.303820943867773696e-05,nan,2.217600000000000000e+04
0.000000000000000000e+00,1.438917155153498217e-01,2.293117465710509117e-05,nan,2.222600000000000000e+04
0.000000000000000000e+00,1.435403340739354605e-01,2.282589323321718155e-05,nan,2.227600000000000000e+04
0.000000000000000000e+00,1.431929495792556850e-01,2.272234124269315036e-05,nan,2.232600000000000000e+04
1.000000000000000000e+00,1.428495343605496737e-01,2.262049494235890412e-05,nan,2.237600000000000000e+04
0.000000000000000000e+00,1.425100607660091112e-01,2.252033076935097688e-05,nan,2.242600000000000000e+04
0.000000000000000000e+00,1.421745011642094880e-01,2.242182534019018791e-05,nan,2.247600000000000000e+04
0.000000000000000000e+00,1.418428279454809204e-01,2.232495544986917713e-05,nan,2.252600000000000000e+04
0.000000000000000000e+00,1.415150135232196849e-01,2.222969807110647400e-05,nan,2.257600000000000000e+04
0.000000000000000000e+00,1.411910303351415763e-01,2.213603035335423574e-05,nan,2.262600000000000000e+04
0.000000000000000000e+00,1.408708508444792562e-01,2.204392962212864404e-05,nan,2.267600000000000000e+04
0.000000000000000000e+00,1.405544475411235616e-01,2.195337337811478773e-05,nan,2.272600000000000000e+04
0.000000000000000000e+00,1.402417929427113297e-01,2.186433929648665120e-05,nan,2.277600000000000000e+04
0.000000000000000000e+00,1.399328595956602916e-01,2.177680522610567215e-05,nan,2.282600000000000000e+04
1.000000000000000000e+00,1.396276200761528141e-01,2.169074918883032166e-05,nan,2.287600000000000000e+04
0.000000000000000000e+00,1.393260469910698185e-01,2.160614937889507314e-05,nan,2.292600000000000000e+04
0.000000000000000000e+00,1.390281129788754344e-01,2.152298416220610466e-05,nan,2.297600000000000000e+04
0.000000000000000000e+00,1.387337907104549961e-01,2.144123207580353463e-05,nan,2.302600000000000000e+04
1.000000000000000000e+00,1.384430528899063262e-01,2.136087182726467693e-05,nan,2.307600000000000000e+04
0.000000000000000000e+00,1.381558722552863883e-01,2.128188229416280719e-05,nan,2.312600000000000000e+04
0.000000000000000000e+00,1.378722215793151407e-01,2.120424252366817641e-05,nan,2.317600000000000000e+04
0.000000000000000000e+00,1.375920736700359248e-01,2.112793173205881891e-05,nan,2.322600000000000000e+04
0.000000000000000000e+00,1.373154013714358579e-01,2.105292930431462706e-05,nan,2.327600000000000000e+04
0.000000000000000000e+00,1.370421775640260631e-01,2.097921479380857046e-05,nan,2.332600000000000000e+04
0.000000000000000000e+00,1.367723751653839304e-01,2.090676792204648748e-05,nan,2.337600000000000000e+04
0.000000000000000000e+00,1.365059671306577682e-01,2.083556857830279330e-05,nan,2.342600000000000000e+04
0.000000000000000000e+00,1.362429264530356232e-01,2.076559681956843817e-05,nan,2.347600000000000000e+04
0.000000000000000000e+00,1.359832261641798212e-01,2.069683287030804619e-05,nan,2.352600000000000000e+04
0.000000000000000000e+00,1.357268393346274249e-01,2.062925712239052634e-05,nan,2.357600000000000000e+04
0.000000000000000000e+00,1.354737390741587999e-01,2.056285013504743908e-05,nan,2.362600000000000000e+04
0.000000000000000000e+00,1.352238985321355946e-01,2.049759263495973260e-05,nan,2.367600000000000000e+04
0.000000000000000000e+00,1.349772908978078279e-01,2.043346551615018991e-05,nan,2.372600000000000000e+04
0.000000000000000000e+00,1.347338894005934984e-01,2.037044984031302630e-05,nan,2.377600000000000000e+04
0.000000000000000000e+00,1.344936673103303282e-01,2.030852683685205329e-05,nan,2.382600000000000000e+04
1.000000000000000000e+00,1.342565979375006935e-01,2.024767790314088711e-05,nan,2.387600000000000000e+04
0.000000000000000000e+00,1.340226546334325752e-01,2.018788460484560732e-05,nan,2.392600000000000000e+04
0.000000000000000000e+00,1.337918107904760012e-01,2.012912867626823199e-05,nan,2.397600000000000000e+04
0.000000000000000000e+00,1.335640398421563957e-01,2.007139202070407080e-05,nan,2.402600000000000000e+04
0.000000000000000000e+00,1.333393152633070566e-01,2.001465671093091703e-05,nan,2.407600000000000000e+04
0.000000000000000000e+00,1.331176105701807888e-01,1.995890498973640348e-05,nan,2.412600000000000000e+04
0.000000000000000000e+00,1.328988993205420799e-01,1.990411927046270568e-05,nan,2.417600000000000000e+04
0.000000000000000000e+00,1.326831551137410414e-01,1.985028213765532845e-05,nan,2.422600000000000000e+04
0.000000000000000000e+00,1.324703515907706686e-01,1.979737634770495358e-05,nan,2.427600000000000000e+04
0.000000000000000000e+00,1.322604624343076962e-01,1.974538482967316821e-05,nan,2.432600000000000000e+04
0.000000000000000000e+00,1.320534613687378844e-01,1.969429068596206811e-05,nan,2.437600000000000000e+04
1.000000000000000000e+00,1.318493221601688692e-01,1.964407719325794721e-05,nan,2.442600000000000000e+04
0.000000000000000000e+00,1.316480186164288024e-01,1.959472780338131215e-05,nan,2.447600000000000000e+04
0.000000000000000000e+00,1.314495245870540563e-01,1.954622614424444960e-05,nan,2.452600000000000000e+04
0.000000000000000000e+00,1.312538139632657974e-01,1.949855602087838258e-05,nan,2.457600000000000000e+04
0.000000000000000000e+00,1.310608606779369856e-01,1.945170141643554063e-05,nan,2.462600000000000000e+04
0.000000000000000000e+00,1.308706387055507125e-01,1.940564649333120784e-05,nan,2.467600000000000000e+04
0.000000000000000000e+00,1.306831220621506029e-01,1.936037559435374589e-05,nan,2.472600000000000000e+04
0.000000000000000000e+00,1.304982848052852196e-01,1.931587324390318661e-05,nan,2.477600000000000000e+04
0.000000000000000000e+00,1.303161010339458359e-01,1.927212414918819117e-05,nan,2.482600000000000000e+04
0.000000000000000000e+00,1.301365448884999054e-01,1.922911320151321490e-05,nan,2.487600000000000000e+04
0.000000000000000000e+00,1.299595905506214233e-01,1.918682547759342771e-05,nan,2.492600000000000000e+04
0.000000000000000000e+00,1.297852122432171795e-01,1.914524624092167615e-05,nan,2.497600000000000000e+04
0.000000000000000000e+00,1.296133842303520411e-01,1.910436094319095668e-05,nan,2.502600000000000000e+04
0.000000000000000000e+00,1.294440808171731239e-01,1.906415522563709164e-05,nan,2.507600000000000000e+04
0.000000000000000000e+00,1.292772763498336031e-01,1.902461492058957204e-05,nan,2.512600000000000000e+04
0.000000000000000000e+00,1.291129452154180235e-01,1.898572605293566418e-05,nan,2.517600000000000000e+04
0.000000000000000000e+00,1.289510618418684140e-01,1.894747484159492457e-05,nan,2.522600000000000000e+04
0.000000000000000000e+00,1.287916006979141492e-01,1.890984770113249280e-05,nan,2.527600000000000000e+04
0.000000000000000000e+00,1.286345362930038649e-01,1.887283124326136208e-05,nan,2.532600000000000000e+04
0.000000000000000000e+00,1.284798431772435912e-01,1.883641227846261090e-05,nan,2.537600000000000000e+04
0.000000000000000000e+00,1.283274959413379102e-01,1.880057781756747093e-05,nan,2.542600000000000000e+04
0.000000000000000000e+00,1.281774692165390805e-01,1.876531507340184479e-05,nan,2.547600000000000000e+04
0.000000000000000000e+00,1.280297376746013238e-01,1.873061146234061836e-05,nan,2.552600000000000000e+04
0.000000000000000000e+00,1.278842760277440760e-01,1.869645460603544529e-05,nan,2.557600000000000000e+04
0.000000000000000000e+00,1.277410590286224834e-01,1.866283233294130373e-05,nan,2.562600000000000000e+04
0.000000000000000000e+00,1.276000614703078906e-01,1.862973268004428085e-05,nan,2.567600000000000000e+04
0.000000000000000000e+00,1.274612581862774041e-01,1.859714389440547677e-05,nan,2.572600000000000000e+04
0.000000000000000000e+00,1.273246240504152249e-01,1.856505443488185025e-05,nan,2.577600000000000000e+04
0.000000000000000000e+00,1.271901339770239725e-01,1.853345297361808086e-05,nan,2.582600000000000000e+04
0.000000000000000000e+00,1.270577629208493320e-01,1.850232839771884241e-05,nan,2.587600000000000000e+04
0.000000000000000000e+00,1.269274858771164693e-01,1.847166981080658466e-05,nan,2.592600000000000000e+04
0.000000000000000000e+00,1.267992778815809074e-01,1.844146653458625384e-05,nan,2.597600000000000000e+04
0.000000000000000000e+00,1.266731140105923914e-01,1.841170811031980770e-05,nan,2.602600000000000000e+04
1.000000000000000000e+00,1.265489693811744365e-01,1.838238430039093596e-05,nan,2.607600000000000000e+04
1.000000000000000000e+00,1.264268191511191686e-01,1.835348508970671699e-05,nan,2.612600000000000000e+04
0.000000000000000000e+00,1.263066385190973751e-01,1.832500068709580487e-05,nan,2.617600000000000000e+04
0.000000000000000000e+00,1.261884027247864859e-01,1.829692152675518879e-05,nan,2.622600000000000000e+04
0.000000000000000000e+00,1.260720870490145418e-01,1.826923826947143836e-05,nan,2.627600000000000000e+04
0.000000000000000000e+00,1.259576668139231748e-01,1.824194180400154353e-05,nan,2.632600000000000000e+04
0.000000000000000000e+00,1.258451173831478531e-01,1.821502324815538199e-05,nan,2.637600000000000000e+04
1.000000000000000000e+00,1.257344141620176659e-01,1.818847394999961731e-05,nan,2.642600000000000000e+04
0.000000000000000000e+00,1.256255325977747028e-01,1.816228548895751360e-05,nan,2.647600000000000000e+04
0.000000000000000000e+00,1.255184481798126694e-01,1.813644967672486952e-05,nan,2.652600000000000000e+04
0.000000000000000000e+00,1.254131364399366511e-01,1.811095855828656620e-05,nan,2.657600000000000000e+04
0.000000000000000000e+00,1.253095729526436664e-01,1.808580441263821226e-05,nan,2.662600000000000000e+04
0.000000000000000000e+00,1.252077333354242872e-01,1.806097975363615826e-05,nan,2.667600000000000000e+04
0.000000000000000000e+00,1.251075932490865461e-01,1.803647733058383329e-05,nan,2.672600000000000000e+04
0.000000000000000000e+00,1.250091283981017154e-01,1.801229012880767311e-05,nan,2.677600000000000000e+04
0.000000000000000000e+00,1.249123145309731647e-01,1.798841137009080104e-05,nan,2.682600000000000000e+04
0.000000000000000000e+00,1.248171274406279369e-01,1.796483451302864631e-05,nan,2.687600000000000000e+04
0.000000000000000000e+00,1.247235429648320820e-01,1.794155325320935523e-05,nan,2.692600000000000000e+04
0.000000000000000000e+00,1.246315369866296818e-01,1.791856152335603858e-05,nan,2.697600000000000000e+04
0.000000000000000000e+00,1.245410854348060758e-01,1.789585349332677155e-05,nan,2.702600000000000000e+04
0.000000000000000000e+00,1.244521642843754161e-01,1.787342356986999781e-05,nan,2.707600000000000000e+04
0.000000000000000000e+00,1.243647495570936179e-01,1.785126639641115842e-05,nan,2.712600000000000000e+04
0.000000000000000000e+00,1.242788173219953052e-01,1.782937685261380689e-05,nan,2.717600000000000000e+04
0.000000000000000000e+00,1.241943436959574015e-01,1.780775005374123088e-05,nan,2.722600000000000000e+04
0.000000000000000000e+00,1.241113048442874928e-01,1.778638135004582954e-05,nan,2.727600000000000000e+04
0.000000000000000000e+00,1.240296769813383077e-01,1.776526632575430031e-05,nan,2.732600000000000000e+04
0.000000000000000000e+00,1.239494363711483027e-01,1.774440079811874516e-05,nan,2.737600000000000000e+04
0.000000000000000000e+00,1.238705593281086148e-01,1.772378081617460854e-05,nan,2.742600000000000000e+04
0.000000000000000000e+00,1.237930222176562983e-01,1.770340265937718482e-05,nan,2.747600000000000000e+04
0.000000000000000000e+00,1.237168014569941660e-01,1.768326283599006010e-05,nan,2.752600000000000000e+04
0.000000000000000000e+00,1.236418735158379689e-01,1.766335808144059438e-05,nan,2.757600000000000000e+04
0.000000000000000000e+00,1.235682149171895144e-01,1.764368535636315349e-05,nan,2.762600000000000000e+04
0.000000000000000000e+00,1.234958022381378029e-01,1.762424184446019504e-05,nan,2.767600000000000000e+04
1.000000000000000000e+00,1.234246121106864214e-01,1.760502495026794456e-05,nan,2.772600000000000000e+04
0.000000000000000000e+00,1.233546212226089012e-01,1.758603229663237288e-05,nan,2.777600000000000000e+04
0.000000000000000000e+00,1.232858063183306513e-01,1.756726172199435387e-05,nan,2.782600000000000000e+04
0.000000000000000000e+00,1.232181441998386057e-01,1.754871127755165683e-05,nan,2.787600000000000000e+04
0.000000000000000000e+00,1.231516117276180156e-01,1.753037922412430116e-05,nan,2.792600000000000000e+04
0.000000000000000000e+00,1.230861858216162619e-01,1.751226402881694844e-05,nan,2.797600000000000000e+04
0.000000000000000000e+00,1.230218434622344648e-01,1.749436436152516927e-05,nan,2.802600000000000000e+04
1.000000000000000000e+00,1.229585616913459328e-01,1.747667909119537955e-05,nan,2.807600000000000000e+04
0.000000000000000000e+00,1.228963176133419655e-01,1.745920728183324167e-05,nan,2.812600000000000000e+04
0.000000000000000000e+00,1.228350883962044532e-01,1.744194818835073657e-05,nan,2.817600000000000000e+04
0.000000000000000000e+00,1.227748512726058311e-01,1.742490125213047580e-05,nan,2.822600000000000000e+04
0.000000000000000000e+00,1.227155835410357887e-01,1.740806609641654124e-05,nan,2.827600000000000000e+04
0.000000000000000000e+00,1.226572625669545696e-01,1.739144252141909541e-05,nan,2.832600000000000000e+04
0.000000000000000000e+00,1.225998657839730832e-01,1.737503049926633625e-05,nan,2.837600000000000000e+04
0.000000000000000000e+00,1.225433706950591756e-01,1.735883016863899730e-05,nan,2.842600000000000000e+04
0.000000000000000000e+00,1.224877548737704491e-01,1.734284182923484519e-05,nan,2.847600000000000000e+04
0.000000000000000000e+00,1.224329959655129085e-01,1.732706593601980594e-05,nan,2.852600000000000000e+04
0.000000000000000000e+00,1.223790716888251973e-01,1.731150309312520785e-05,nan,2.857600000000000000e+04
0.000000000000000000e+00,1.223259598366890216e-01,1.729615404772247289e-05,nan,2.862600000000000000e+04
0.000000000000000000e+00,1.222736382778639580e-01,1.728101968341555494e-05,nan,2.867600000000000000e+04
0.000000000000000000e+00,1.222220849582479896e-01,1.726610101357266280e-05,nan,2.872600000000000000e+04
0.000000000000000000e+00,1.221712779022626205e-01,1.725139917446716353e-05,nan,2.877600000000000000e+04
1.000000000000000000e+00,1.221211952142618323e-01,1.723691541796919247e-05,nan,2.882600000000000000e+04
0.000000000000000000e+00,1.220718150799658813e-01,1.722265110425807988e-05,nan,2.887600000000000000e+04
0.000000000000000000e+00,1.220231157679182860e-01,1.720860769416354685e-05,nan,2.892600000000000000e+04
0.000000000000000000e+00,1.219750756309658513e-01,1.719478674129526485e-05,nan,2.897600000000000000e+04
0.000000000000000000e+00,1.219276731077625631e-01,1.718118988403537217e-05,nan,2.902600000000000000e+04
1.000000000000000000e+00,1.218808867242952981e-01,1.716781883724129154e-05,nan,2.907600000000000000e+04
0.000000000000000000e+00,1.218346950954313362e-01,1.715467538373691148e-05,nan,2.912600000000000000e+04
1.000000000000000000e+00,1.217890769264883127e-01,1.714176136562162167e-05,nan,2.917600000000000000e+04
0.000000000000000000e+00,1.217440110148251264e-01,1.712907867542842744e-05,nan,2.922600000000000000e+04
0.000000000000000000e+00,1.216994762514531231e-01,1.711662924695246668e-05,nan,2.927600000000000000e+04
0.000000000000000000e+00,1.216554516226680122e-01,1.710441504601881157e-05,nan,2.932600000000000000e+04
0.000000000000000000e+00,1.216119162117014346e-01,1.709243806098138807e-05,nan,2.937600000000000000e+04
1.000000000000000000e+00,1.215688492003912102e-01,1.708070029309352589e-05,nan,2.942600000000000000e+04
1.000000000000000000e+00,1.215262298708709998e-01,1.706920374664432083e-05,nan,2.947600000000000000e+04
1.000000000000000000e+00,1.214840376072778005e-01,1.705795041902907760e-05,nan,2.952600000000000000e+04
0.000000000000000000e+00,1.214422518974765247e-01,1.704694229054046217e-05,nan,2.957600000000000000e+04
0.000000000000000000e+00,1.214008523348020924e-01,1.703618131413710268e-05,nan,2.962600000000000000e+04
0.000000000000000000e+00,1.213598186198177331e-01,1.702566940492596104e-05,nan,2.967600000000000000e+04
0.000000000000000000e+00,1.213191305620888866e-01,1.701540842969501144e-05,nan,2.972600000000000000e+04
0.000000000000000000e+00,1.212787680819723546e-01,1.700540019614060760e-05,nan,2.977600000000000000e+04
2.000000000000000000e+00,1.212387112124197891e-01,1.699564644211913611e-05,nan,2.982600000000000000e+04
0.000000000000000000e+00,1.211989401007947387e-01,1.698614882469917653e-05,nan,2.987600000000000000e+04
0.000000000000000000e+00,1.211594350107039753e-01,1.697690890925009077e-05,nan,2.992600000000000000e+04
0.000000000000000000e+00,1.211201763238394236e-01,1.696792815829295531e-05,nan,2.997600000000000000e+04
0.000000000000000000e+00,1.210811445418336907e-01,1.695920792043996428e-05,nan,3.002600000000000000e+04
0.000000000000000000e+00,1.210423202881253657e-01,1.695074941914127831e-05,nan,3.007600000000000000e+04
0.000000000000000000e+00,1.210036843098351994e-01,1.694255374152728311e-05,nan,3.012600000000000000e+04
1.000000000000000000e+00,1.209652174796518320e-01,1.693462182709125352e-05,nan,3.017600000000000000e+04
0.000000000000000000e+00,1.209269007977266525e-01,1.692695445650212183e-05,nan,3.022600000000000000e+04
0.000000000000000000e+00,1.208887153935758463e-01,1.691955224026459037e-05,nan,3.027600000000000000e+04
0.000000000000000000e+00,1.208506425279910063e-01,1.691241560753016515e-05,nan,3.032600000000000000e+04
0.000000000000000000e+00,1.208126635949555577e-01,1.690554479485267825e-05,nan,3.037600000000000000e+04
0.000000000000000000e+00,1.207747601235670820e-01,1.689893983505136310e-05,nan,3.042600000000000000e+04
0.000000000000000000e+00,1.207369137799647885e-01,1.689260054603750061e-05,nan,3.047600000000000000e+04
1.000000000000000000e+00,1.206991063692613719e-01,1.688652651990474318e-05,nan,3.052600000000000000e+04
0.000000000000000000e+00,1.206613198374774515e-01,1.688071711188239565e-05,nan,3.057600000000000000e+04
0.000000000000000000e+00,1.206235362734799366e-01,1.687517142961829364e-05,nan,3.062600000000000000e+04
0.000000000000000000e+00,1.205857379109206845e-01,1.686988832241831382e-05,nan,3.067600000000000000e+04
0.000000000000000000e+00,1.205479071301772953e-01,1.686486637077905248e-05,nan,3.072600000000000000e+04
0.000000000000000000e+00,1.205100264602934484e-01,1.686010387597601523e-05,nan,3.077600000000000000e+04
1.000000000000000000e+00,1.204720785809181710e-01,1.685559884989293322e-05,nan,3.082600000000000000e+04
1.000000000000000000e+00,1.204340463242446063e-01,1.685134900509741018e-05,nan,3.087600000000000000e+04
0.000000000000000000e+00,1.203959126769447580e-01,1.684735174499289723e-05,nan,3.092600000000000000e+04
0.000000000000000000e+00,1.203576607821024436e-01,1.684360415438353187e-05,nan,3.097600000000000000e+04
0.000000000000000000e+00,1.203192739411413359e-01,1.684010299023847024e-05,nan,3.102600000000000000e+04
0.000000000000000000e+00,1.202807356157478136e-01,1.683684467265744722e-05,nan,3.107600000000000000e+04
0.000000000000000000e+00,1.202420294297882469e-01,1.683382527625093550e-05,nan,3.112600000000000000e+04
1.000000000000000000e+00,1.202031391712198860e-01,1.683104052186204513e-05,nan,3.117600000000000000e+04
0.000000000000000000e+00,1.201640487939929225e-01,1.682848576847577327e-05,nan,3.122600000000000000e+04
0.000000000000000000e+00,1.201247424199453628e-01,1.682615600563479308e-05,nan,3.127600000000000000e+04
0.000000000000000000e+00,1.200852043406876873e-01,1.682404584622647359e-05,nan,3.132600000000000000e+04
0.000000000000000000e+00,1.200454190194774479e-01,1.682214951958041493e-05,nan,3.137600000000000000e+04
0.000000000000000000e+00,1.200053710930828743e-01,1.682046086508813543e-05,nan,3.142600000000000000e+04
0.000000000000000000e+00,1.199650453736342687e-01,1.681897332629113395e-05,nan,3.147600000000000000e+04
1.000000000000000000e+00,1.199244268504626315e-01,1.681767994526732479e-05,nan,3.152600000000000000e+04
0.000000000000000000e+00,1.198835006919242441e-01,1.681657335773738271e-05,nan,3.157600000000000000e+04
0.000000000000000000e+00,1.198422522472111645e-01,1.681564578850762437e-05,nan,3.162600000000000000e+04
0.000000000000000000e+00,1.198006670481455566e-01,1.681488904750443047e-05,nan,3.167600000000000000e+04
0.000000000000000000e+00,1.197587308109583637e-01,1.681429452641061695e-05,nan,3.172600000000000000e+04
0.000000000000000000e+00,1.197164294380499844e-01,1.681385319575630366e-05,nan,3.177600000000000000e+04
1.000000000000000000e+00,1.196737490197334192e-01,1.681355560270887672e-05,nan,3.182600000000000000e+04
0.000000000000000000e+00,1.196306758359580863e-01,1.681339186943714425e-05,nan,3.187600000000000000e+04
0.000000000000000000e+00,1.195871963580144165e-01,1.681335169209131897e-05,nan,3.192600000000000000e+04
0.000000000000000000e+00,1.195432972502169788e-01,1.681342434045433876e-05,nan,3.197600000000000000e+04
0.000000000000000000e+00,1.194989653715668593e-01,1.681359865828013778e-05,nan,3.202600000000000000e+04
0.000000000000000000e+00,1.194541877773914046e-01,1.681386306429978605e-05,nan,3.207600000000000000e+04
0.000000000000000000e+00,1.194089517209608320e-01,1.681420555394753935e-05,nan,3.212600000000000000e+04
0.000000000000000000e+00,1.193632446550809967e-01,1.681461370178945203e-05,nan,3.217600000000000000e+04
0.000000000000000000e+00,1.193170542336614154e-01,1.681507466477771828e-05,nan,3.222600000000000000e+04
0.000000000000000000e+00,1.192703683132574077e-01,1.681557518616767777e-05,nan,3.227600000000000000e+04
0.000000000000000000e+00,1.192231749545865638e-01,1.681610160029871348e-05,nan,3.232600000000000000e+04
1.000000000000000000e+00,1.191754624240176641e-01,1.681663983812281549e-05,nan,3.237600000000000000e+04
0.000000000000000000e+00,1.191272191950312337e-01,1.681717543360050637e-05,nan,3.242600000000000000e+04
0.000000000000000000e+00,1.190784339496526872e-01,1.681769353085484087e-05,nan,3.247600000000000000e+04
1.000000000000000000e+00,1.190290955798549433e-01,1.681817889225695195e-05,nan,3.252600000000000000e+04
1.000000000000000000e+00,1.189791931889313953e-01,1.681861590732691702e-05,nan,3.257600000000000000e+04
0.000000000000000000e+00,1.189287160928378800e-01,1.681898860248984273e-05,nan,3.262600000000000000e+04
0.000000000000000000e+00,1.188776538215033235e-01,1.681928065176349629e-05,nan,3.267600000000000000e+04
0.000000000000000000e+00,1.188259961201078574e-01,1.681947538837054446e-05,nan,3.272600000000000000e+04
0.000000000000000000e+00,1.187737329503278094e-01,1.681955581715570414e-05,nan,3.277600000000000000e+04
0.000000000000000000e+00,1.187208544915478170e-01,1.681950462806107438e-05,nan,3.282600000000000000e+04
0.000000000000000000e+00,1.186673511420377886e-01,1.681930421047750368e-05,nan,3.287600000000000000e+04
0.000000000000000000e+00,1.186132135200950594e-01,1.681893666847199265e-05,nan,3.292600000000000000e+04
2.000000000000000000e+00,1.185584324651519639e-01,1.681838383715134055e-05,nan,3.297600000000000000e+04
1.000000000000000000e+00,1.185029990388455912e-01,1.681762729977172299e-05,nan,3.302600000000000000e+04
0.000000000000000000e+00,1.184469045260522213e-01,1.681664840600186062e-05,nan,3.307600000000000000e+04
0.000000000000000000e+00,1.183901404358836951e-01,1.681542829104834547e-05,nan,3.312600000000000000e+04
1.000000000000000000e+00,1.183326985026458833e-01,1.681394789580792359e-05,nan,3.317600000000000000e+04
1.000000000000000000e+00,1.182745706867588537e-01,1.681218798802938674e-05,nan,3.322600000000000000e+04
0.000000000000000000e+00,1.182157491756379991e-01,1.681012918437925496e-05,nan,3.327600000000000000e+04
1.000000000000000000e+00,1.181562263845355593e-01,1.680775197362462114e-05,nan,3.332600000000000000e+04
0.000000000000000000e+00,1.180959949573419376e-01,1.680503674070764342e-05,nan,3.337600000000000000e+04
0.000000000000000000e+00,1.180350477673472731e-01,1.680196379186087163e-05,nan,3.342600000000000000e+04
0.000000000000000000e+00,1.179733779179609199e-01,1.679851338072524403e-05,nan,3.347600000000000000e+04
0.000000000000000000e+00,1.179109787433906681e-01,1.679466573543952901e-05,nan,3.352600000000000000e+04
0.000000000000000000e+00,1.178478438092789293e-01,1.679040108672896769e-05,nan,3.357600000000000000e+04
0.000000000000000000e+00,1.177839669132980382e-01,1.678569969700526021e-05,nan,3.362600000000000000e+04
0.000000000000000000e+00,1.177193420857017975e-01,1.678054189043105826e-05,nan,3.367600000000000000e+04
0.000000000000000000e+00,1.176539635898344593e-01,1.677490808392467780e-05,nan,3.372600000000000000e+04
0.000000000000000000e+00,1.175878259225967004e-01,1.676877881924034031e-05,nan,3.377600000000000000e+04
0.000000000000000000e+00,1.175209238148671592e-01,1.676213479590883682e-05,nan,3.382600000000000000e+04
0.000000000000000000e+00,1.174532522318809252e-01,1.675495690519994418e-05,nan,3.387600000000000000e+04
0.000000000000000000e+00,1.173848063735630359e-01,1.674722626499210165e-05,nan,3.392600000000000000e+04
0.000000000000000000e+00,1.173155816748177871e-01,1.673892425561700203e-05,nan,3.397600000000000000e+04
0.000000000000000000e+00,1.172455738057732316e-01,1.673003255659236133e-05,nan,3.402600000000000000e+04
0.000000000000000000e+00,1.171747786719806866e-01,1.672053318428276536e-05,nan,3.407600000000000000e+04
0.000000000000000000e+00,1.171031924145691239e-01,1.671040853049379771e-05,nan,3.412600000000000000e+04
0.000000000000000000e+00,1.170308114103539021e-01,1.669964140183638479e-05,nan,3.417600000000000000e+04
0.000000000000000000e+00,1.169576322719003275e-01,1.668821506011115841e-05,nan,3.422600000000000000e+04
0.000000000000000000e+00,1.168836518475414171e-01,1.667611326342487155e-05,nan,3.427600000000000000e+04
0.000000000000000000e+00,1.168088672213495743e-01,1.666332030817764542e-05,nan,3.432600000000000000e+04
0.000000000000000000e+00,1.167332757130628701e-01,1.664982107189676153e-05,nan,3.437600000000000000e+04
0.000000000000000000e+00,1.166568748779651526e-01,1.663560105678862922e-05,nan,3.442600000000000000e+04
0.000000000000000000e+00,1.165796625067196945e-01,1.662064643412689002e-05,nan,3.447600000000000000e+04
0.000000000000000000e+00,1.165016366251576257e-01,1.660494408935869748e-05,nan,3.452600000000000000e+04
0.000000000000000000e+00,1.164227954940196125e-01,1.658848166794651968e-05,nan,3.457600000000000000e+04
0.000000000000000000e+00,1.163431376086516561e-01,1.657124762190903544e-05,nan,3.462600000000000000e+04
0.000000000000000000e+00,1.162626616986550260e-01,1.655323125701255171e-05,nan,3.467600000000000000e+04
0.000000000000000000e+00,1.161813667274900347e-01,1.653442278069794380e-05,nan,3.472600000000000000e+04
0.000000000000000000e+00,1.160992518920339472e-01,1.651481335052974730e-05,nan,3.477600000000000000e+04
0.000000000000000000e+00,1.160163166220930242e-01,1.649439512329056723e-05,nan,3.482600000000000000e+04
0.000000000000000000e+00,1.159325605798691983e-01,1.647316130465141526e-05,nan,3.487600000000000000e+04
0.000000000000000000e+00,1.158479836593805795e-01,1.645110619938848495e-05,nan,3.492600000000000000e+04
2.000000000000000000e+00,1.157625859858369410e-01,1.642822526204575084e-05,nan,3.497600000000000000e+04
0.000000000000000000e+00,1.156763679149700880e-01,1.640451514817176104e-05,nan,3.502600000000000000e+04
0.000000000000000000e+00,1.155893300323189155e-01,1.637997376593633425e-05,nan,3.507600000000000000e+04
0.000000000000000000e+00,1.155014731524697247e-01,1.635460032820001963e-05,nan,3.512600000000000000e+04
0.000000000000000000e+00,1.154127983182519773e-01,1.632839540492529717e-05,nan,3.517600000000000000e+04
3.000000000000000000e+00,1.153233067998898076e-01,1.630136097600758116e-05,nan,3.522600000000000000e+04
0.000000000000000000e+00,1.152330000941094446e-01,1.627350048434388075e-05,nan,3.527600000000000000e+04
0.000000000000000000e+00,1.151418799232027668e-01,1.624481888927095663e-05,nan,3.532600000000000000e+04
0.000000000000000000e+00,1.150499482340475166e-01,1.621532272014745979e-05,nan,3.537600000000000000e+04
0.000000000000000000e+00,1.149572071970845766e-01,1.618502013027434128e-05,nan,3.542600000000000000e+04
0.000000000000000000e+00,1.148636592052524052e-01,1.615392095089505931e-05,nan,3.547600000000000000e+04
0.000000000000000000e+00,1.147693068728787569e-01,1.612203674538487119e-05,nan,3.552600000000000000e+04
0.000000000000000000e+00,1.146741530345309623e-01,1.608938086350951424e-05,nan,3.557600000000000000e+04
0.000000000000000000e+00,1.145782007438247013e-01,1.605596849588858399e-05,nan,3.562600000000000000e+04
0.000000000000000000e+00,1.144814532721908085e-01,1.602181672822645953e-05,nan,3.567600000000000000e+04
0.000000000000000000e+00,1.143839141076023885e-01,1.598694459586762207e-05,nan,3.572600000000000000e+04
0.000000000000000000e+00,1.142855869532613533e-01,1.595137313806747892e-05,nan,3.577600000000000000e+04
0.000000000000000000e+00,1.141864757262447266e-01,1.591512545228920827e-05,nan,3.582600000000000000e+04
0.000000000000000000e+00,1.140865845561124803e-01,1.587822674840866366e-05,nan,3.587600000000000000e+04
0.000000000000000000e+00,1.139859177834763593e-01,1.584070440273366298e-05,nan,3.592600000000000000e+04
0.000000000000000000e+00,1.138844799585301965e-01,1.580258801183592743e-05,nan,3.597600000000000000e+04
0.000000000000000000e+00,1.137822758395428124e-01,1.576390944619046608e-05,nan,3.602600000000000000e+04
0.000000000000000000e+00,1.136793103913143477e-01,1.572470290358424228e-05,nan,3.607600000000000000e+04
0.000000000000000000e+00,1.135755887835947914e-01,1.568500496212585360e-05,nan,3.612600000000000000e+04
0.000000000000000000e+00,1.134711163894679825e-01,1.564485463310429092e-05,nan,3.617600000000000000e+04
0.000000000000000000e+00,1.133658987836993343e-01,1.560429341329605535e-05,nan,3.622600000000000000e+04
0.000000000000000000e+00,1.132599417410493636e-01,1.556336533706410841e-05,nan,3.627600000000000000e+04
0.000000000000000000e+00,1.131532512345529151e-01,1.552211702786181202e-05,nan,3.632600000000000000e+04
0.000000000000000000e+00,1.130458334337650500e-01,1.548059774937084188e-05,nan,3.637600000000000000e+04
0.000000000000000000e+00,1.129376947029740452e-01,1.543885945615858235e-05,nan,3.642600000000000000e+04
0.000000000000000000e+00,1.128288415993825011e-01,1.539695684370755158e-05,nan,3.647600000000000000e+04
0.000000000000000000e+00,1.127192808712568217e-01,1.535494739800941089e-05,nan,3.652600000000000000e+04
1.000000000000000000e+00,1.126090194560462471e-01,1.531289144447896267e-05,nan,3.657600000000000000e+04
0.000000000000000000e+00,1.124980644784715628e-01,1.527085219628528112e-05,nan,3.662600000000000000e+04
0.000000000000000000e+00,1.123864232485844439e-01,1.522889580199589254e-05,nan,3.667600000000000000e+04
0.000000000000000000e+00,1.122741032597988770e-01,1.518709139263461905e-05,nan,3.672600000000000000e+04
0.000000000000000000e+00,1.121611121868938826e-01,1.514551112793971477e-05,nan,3.677600000000000000e+04
0.000000000000000000e+00,1.120474578839897595e-01,1.510423024187780572e-05,nan,3.682600000000000000e+04
0.000000000000000000e+00,1.119331483824976131e-01,1.506332708751251248e-05,nan,3.687600000000000000e+04
0.000000000000000000e+00,1.118181918890435445e-01,1.502288318097101671e-05,nan,3.692600000000000000e+04
0.000000000000000000e+00,1.117025967833678302e-01,1.498298324465255349e-05,nan,3.697600000000000000e+04
0.000000000000000000e+00,1.115863716162003999e-01,1.494371524966148224e-05,nan,3.702600000000000000e+04
0.000000000000000000e+00,1.114695251071122217e-01,1.490517045720299305e-05,nan,3.707600000000000000e+04
0.000000000000000000e+00,1.113520661423457875e-01,1.486744345939941536e-05,nan,3.712600000000000000e+04
0.000000000000000000e+00,1.112340037726219505e-01,1.483063221892171046e-05,nan,3.717600000000000000e+04
0.000000000000000000e+00,1.111153472109277507e-01,1.479483810790452325e-05,nan,3.722600000000000000e+04
0.000000000000000000e+00,1.109961058302825487e-01,1.476016594585856379e-05,nan,3.727600000000000000e+04
0.000000000000000000e+00,1.108762891614864937e-01,1.472672403663756457e-05,nan,3.732600000000000000e+04
0.000000000000000000e+00,1.107559068908492428e-01,1.469462420451012052e-05,nan,3.737600000000000000e+04
0.000000000000000000e+00,1.106349688579019303e-01,1.466398182920457260e-05,nan,3.742600000000000000e+04
0.000000000000000000e+00,1.105134850530917895e-01,1.463491587997203802e-05,nan,3.747600000000000000e+04
0.000000000000000000e+00,1.103914656154612456e-01,1.460754894871615917e-05,nan,3.752600000000000000e+04
0.000000000000000000e+00,1.102689208303115759e-01,1.458200728206640595e-05,nan,3.757600000000000000e+04
0.000000000000000000e+00,1.101458611268526372e-01,1.455842081251636222e-05,nan,3.762600000000000000e+04
0.000000000000000000e+00,1.100222970758386459e-01,1.453692318846393217e-05,nan,3.767600000000000000e+04
0.000000000000000000e+00,1.098982393871916763e-01,1.451765180331479610e-05,nan,3.772600000000000000e+04
0.000000000000000000e+00,1.097736989076134040e-01,1.450074782354676683e-05,nan,3.777600000000000000e+04
0.000000000000000000e+00,1.096486866181855119e-01,1.448635621573157728e-05,nan,3.782600000000000000e+04
0.000000000000000000e+00,1.095232136319606586e-01,1.447462577260083538e-05,nan,3.787600000000000000e+04
0.000000000000000000e+00,1.093972911915433860e-01,1.446570913803298108e-05,nan,3.792600000000000000e+04
0.000000000000000000e+00,1.092709306666631158e-01,1.445976283107226756e-05,nan,3.797600000000000000e+04
0.000000000000000000e+00,1.091441435517391950e-01,1.445694726894854176e-05,nan,3.802600000000000000e+04
0.000000000000000000e+00,1.090169414634396261e-01,1.445742678905619083e-05,nan,3.807600000000000000e+04
0.000000000000000000e+00,1.088893361382333308e-01,1.446136967000848095e-05,nan,3.812600000000000000e+04
0.000000000000000000e+00,1.087613394299374869e-01,1.446894815168402182e-05,nan,3.817600000000000000e+04
0.000000000000000000e+00,1.086329633072607437e-01,1.448033845427576516e-05,nan,3.822600000000000000e+04
0.000000000000000000e+00,1.085042198513425232e-01,1.449572079642059974e-05,nan,3.827600000000000000e+04
0.000000000000000000e+00,1.083751212532903241e-01,1.451527941245291109e-05,nan,3.832600000000000000e+04
0.000000000000000000e+00,1.082456798117144570e-01,1.453920256860169458e-05,nan,3.837600000000000000e+04
0.000000000000000000e+00,1.081159079302619064e-01,1.456768257837234848e-05,nan,3.842600000000000000e+04
0.000000000000000000e+00,1.079858181151507474e-01,1.460091581708886088e-05,nan,3.847600000000000000e+04
0.000000000000000000e+00,1.078554229727035491e-01,1.463910273544893892e-05,nan,3.852600000000000000e+04
0.000000000000000000e+00,1.077247352068839287e-01,1.468244787235575832e-05,nan,3.857600000000000000e+04
0.000000000000000000e+00,1.075937676168337992e-01,1.473115986688235124e-05,nan,3.862600000000000000e+04
0.000000000000000000e+00,1.074625330944142393e-01,1.478545146944669486e-05,nan,3.867600000000000000e+04
0.000000000000000000e+00,1.073310446217498049e-01,1.484553955225301203e-05,nan,3.872600000000000000e+04
0.000000000000000000e+00,1.071993152687777950e-01,1.491164511899061018e-05,nan,3.877600000000000000e+04
0.000000000000000000e+00,1.070673581908017230e-01,1.498399331380934063e-05,nan,3.882600000000000000e+04
0.000000000000000000e+00,1.069351866260517675e-01,1.506281342964974068e-05,nan,3.887600000000000000e+04
0.000000000000000000e+00,1.068028138932514137e-01,1.514833891595561421e-05,nan,3.892600000000000000e+04
1.000000000000000000e+00,1.066702533891914495e-01,1.524080738573609095e-05,nan,3.897600000000000000e+04
0.000000000000000000e+00,1.065375185863127461e-01,1.534046062210553396e-05,nan,3.902600000000000000e+04
0.000000000000000000e+00,1.064046230302970880e-01,1.544754458426486621e-05,nan,3.907600000000000000e+04
0.000000000000000000e+00,1.062715803376681895e-01,1.556230941303013426e-05,nan,3.912600000000000000e+04
0.000000000000000000e+00,1.061384041934028549e-01,1.568500943587881891e-05,nan,3.917600000000000000e+04
0.000000000000000000e+00,1.060051083485531037e-01,1.581590317160236348e-05,nan,3.922600000000000000e+04
0.000000000000000000e+00,1.058717066178795907e-01,1.595525333457359363e-05,nan,3.927600000000000000e+04
0.000000000000000000e+00,1.057382128774985025e-01,1.610332683876607163e-05,nan,3.932600000000000000e+04
0.000000000000000000e+00,1.056046410625397225e-01,1.626039480139007676e-05,nan,3.937600000000000000e+04
0.000000000000000000e+00,1.054710051648203306e-01,1.642673254635511337e-05,nan,3.942600000000000000e+04
0.000000000000000000e+00,1.053373192305313288e-01,1.660261960757976329e-05,nan,3.947600000000000000e+04
0.000000000000000000e+00,1.052035973579394240e-01,1.678833973210377972e-05,nan,3.952600000000000000e+04
0.000000000000000000e+00,1.050698536951048950e-01,1.698418088315334362e-05,nan,3.957600000000000000e+04
0.000000000000000000e+00,1.049361024376147117e-01,1.719043524315080895e-05,nan,3.962600000000000000e+04
0.000000000000000000e+00,1.048023578263330147e-01,1.740739921675046875e-05,nan,3.967600000000000000e+04
0.000000000000000000e+00,1.046686341451689289e-01,1.763537343394891432e-05,nan,3.972600000000000000e+04
0.000000000000000000e+00,1.045349457188615439e-01,1.787466275329427368e-05,nan,3.977600000000000000e+04
0.000000000000000000e+00,1.044013069107843084e-01,1.812557626530535149e-05,nan,3.982600000000000000e+04
0.000000000000000000e+00,1.042677321207674118e-01,1.838842729604689419e-05,nan,3.987600000000000000e+04
1.000000000000000000e+00,1.041342357829404264e-01,1.866353341111078035e-05,nan,3.992600000000000000e+04
0.000000000000000000e+00,1.040008323635945725e-01,1.895121641979843896e-05,nan,3.997600000000000000e+04
0.000000000000000000e+00,1.038675363590654266e-01,1.925180237979245979e-05,nan,4.002600000000000000e+04
0.000000000000000000e+00,1.037343622936370141e-01,1.956562160226361924e-05,nan,4.007600000000000000e+04
0.000000000000000000e+00,1.036013247174670943e-01,1.989300865749832337e-05,nan,4.012600000000000000e+04
0.000000000000000000e+00,1.034684382045345380e-01,2.023430238102565115e-05,nan,4.017600000000000000e+04
0.000000000000000000e+00,1.033357173506090493e-01,2.058984588049379838e-05,nan,4.022600000000000000e+04
0.000000000000000000e+00,1.032031767712435905e-01,2.095998654311204135e-05,nan,4.027600000000000000e+04
0.000000000000000000e+00,1.030708310997905941e-01,2.134507604395659286e-05,nan,4.032600000000000000e+04
0.000000000000000000e+00,1.029386949854413091e-01,2.174547035500504211e-05,nan,4.037600000000000000e+04
0.000000000000000000e+00,1.028067830912894609e-01,2.216152975505897293e-05,nan,4.042600000000000000e+04
0.000000000000000000e+00,1.026751100924196275e-01,2.259361884063108838e-05,nan,4.047600000000000000e+04
1.000000000000000000e+00,1.025436906740199022e-01,2.304210653775694284e-05,nan,4.052600000000000000e+04
